[
  {
    "namespace": "introductionNotificationBar",
    "description":
      "A part of the study add-on that needs to be chrome-privileged",
    "functions": [
      {
        "name": "show",
        "type": "function",
        "description": "TODO",
        "async": true,
        "parameters": [
          {
            "name": "variationName",
            "type": "string"
          }
        ]
      }
    ],
    "events": [
      {
        "name": "onIntroductionShown",
        "type": "function",
        "description": "Description of the event",
        "parameters": []
      },
      {
        "name": "onIntroductionAccept",
        "type": "function",
        "description": "Description of the event",
        "parameters": []
      },
      {
        "name": "onIntroductionLeaveStudy",
        "type": "function",
        "description": "Description of the event",
        "parameters": []
      }
    ]
  }
]
